,revolutions,humidity,vibration,x1,x2,x3,x4,x5
revolutions,1.0,0.0937118018628276,-0.05563069425034866,0.9987355385003412,0.9982336733998006,0.9989619555124287,1.0,0.0937118018628276
humidity,0.0937118018628276,1.0,-0.0028784556448496206,0.1193091501138199,0.06142176246655077,0.07171749035174882,0.0937118018628276,1.0
vibration,-0.05563069425034866,-0.0028784556448496206,1.0,-0.05730160773393491,-0.0555508607177377,-0.05464507251895199,-0.05563069425034866,-0.0028784556448496206
x1,0.9987355385003412,0.1193091501138199,-0.05730160773393491,1.0,0.9949786884611128,0.9962140787552709,0.9987355385003412,0.1193091501138199
x2,0.9982336733998006,0.06142176246655077,-0.0555508607177377,0.9949786884611128,1.0,0.9997384959625831,0.9982336733998006,0.06142176246655077
x3,0.9989619555124287,0.07171749035174882,-0.05464507251895199,0.9962140787552709,0.9997384959625831,1.0,0.9989619555124287,0.07171749035174882
x4,1.0,0.0937118018628276,-0.05563069425034866,0.9987355385003412,0.9982336733998006,0.9989619555124287,1.0,0.0937118018628276
x5,0.0937118018628276,1.0,-0.0028784556448496206,0.1193091501138199,0.06142176246655077,0.07171749035174882,0.0937118018628276,1.0
