,revolutions,humidity,vibration,x1,x2,x3,x4,x5
revolutions,1.0,-0.10147619278433881,-0.11476831818586222,0.9993561100496947,0.9993654307692825,0.9995929726826973,0.9825625901478405,-0.09890344792265829
humidity,-0.10147619278433881,1.0,0.1364688455669252,-0.06571619306611362,-0.13684724861115408,-0.12868347660726,-0.20770246342972112,0.9999803627056314
vibration,-0.11476831818586222,0.1364688455669252,1.0,-0.11022504339334302,-0.1191313378795408,-0.11736991524778632,-0.14257013494460638,0.13683035239382943
x1,0.9993561100496947,-0.06571619306611362,-0.11022504339334302,1.0,0.9974439328115374,0.9979665959690031,0.9780349480409061,-0.06313639716071548
x2,0.9993654307692825,-0.13684724861115408,-0.1191313378795408,0.9974439328115374,1.0,0.9999342739684909,0.9858057811719431,-0.13428478070878463
x3,0.9995929726826973,-0.12868347660726,-0.11736991524778632,0.9979665959690031,0.9999342739684909,1.0,0.9850767385131074,-0.12609323496940011
x4,0.9825625901478405,-0.20770246342972112,-0.14257013494460638,0.9780349480409061,0.9858057811719431,0.9850767385131074,1.0,-0.20522651179785648
x5,-0.09890344792265829,0.9999803627056314,0.13683035239382943,-0.06313639716071548,-0.13428478070878463,-0.12609323496940011,-0.20522651179785648,1.0
