{
    "precision": 0.9880952380952381,
    "recall": 0.9920318725099602,
    "f1": 0.9900596421471173,
    "accuracy": 0.9997767956787643
}